序號ID,流速(m/s),X長度(mm),Y寬度(mm),Z高度(mm),孔隙率(0~1),溫度(°C),產氫效率(%),壓降(kPa)
1,0.2735,44.21,25.15,1.29,0.480,64.9,55.3,57.0
2,0.1137,37.34,86.76,1.95,0.550,49.6,66.3,29.7
3,0.2652,77.27,66.35,1.03,0.477,68.6,55.6,63.1
4,0.2742,24.47,51.02,1.70,0.655,46.3,61.8,54.8
5,0.0547,71.64,28.91,1.21,0.583,64.3,65.8,27.9
6,0.1408,36.60,26.31,1.68,0.622,43.9,64.0,32.2
7,0.2528,75.18,38.83,1.78,0.498,62.4,57.4,59.2
8,0.0530,47.11,38.47,1.69,0.604,56.8,69.7,21.7
9,0.2300,77.84,69.32,2.02,0.426,64.6,56.3,53.5
10,0.0394,24.58,73.72,1.49,0.744,62.1,69.1,24.2
11,0.1867,51.09,31.53,1.01,0.717,65.4,64.9,40.0
12,0.2723,73.34,62.69,1.16,0.712,66.0,58.5,56.8
13,0.2573,38.27,34.26,1.12,0.591,43.7,59.7,53.4
14,0.1421,26.88,44.55,1.11,0.585,49.7,65.5,29.9
15,0.0712,42.08,42.07,1.44,0.511,57.3,69.1,22.0
16,0.1491,28.77,57.03,1.61,0.548,44.1,63.7,30.4
17,0.2253,72.66,71.19,1.79,0.712,56.2,66.6,48.9
18,0.1107,34.68,31.70,1.37,0.707,54.9,74.2,20.5
19,0.0410,38.97,83.45,1.99,0.602,66.4,68.5,31.5
20,0.1573,46.73,49.26,1.18,0.696,42.7,67.5,33.2
21,0.2373,73.84,40.55,1.52,0.670,54.8,65.2,39.5
22,0.2329,46.21,80.44,1.26,0.545,45.9,60.5,46.8
23,0.2342,65.25,22.11,1.20,0.708,57.0,62.6,49.3
24,0.2262,45.51,54.69,2.12,0.641,56.0,64.2,48.0
25,0.0742,51.78,47.22,1.24,0.697,66.5,73.0,22.3
26,0.1358,50.88,65.66,2.05,0.616,41.4,65.9,36.6
27,0.2224,43.25,45.25,1.57,0.760,49.3,65.4,44.3
28,0.2161,47.99,35.04,1.86,0.672,59.8,65.0,45.7
29,0.0717,30.78,82.86,0.91,0.556,52.7,67.4,25.5
30,0.2107,30.45,80.08,1.06,0.685,54.6,63.9,37.2
31,0.2078,39.56,21.47,1.40,0.586,52.3,62.9,50.9
32,0.2068,77.55,60.89,2.05,0.525,63.6,62.2,54.2
33,0.0668,66.28,46.69,1.85,0.734,46.9,69.2,23.0
34,0.0586,36.07,73.31,1.82,0.494,60.6,65.5,25.0
35,0.2037,69.84,84.48,1.23,0.612,63.1,59.6,44.7
36,0.1148,65.92,41.88,1.38,0.540,55.5,69.8,25.0
37,0.2445,72.40,28.57,1.56,0.496,50.5,61.3,55.5
38,0.1496,53.83,36.51,1.32,0.753,41.6,66.5,29.9
39,0.1939,32.72,69.49,1.33,0.452,45.6,59.2,46.4
40,0.2185,57.48,84.23,1.71,0.436,56.5,59.0,54.4
41,0.1789,28.68,73.02,1.96,0.664,42.0,62.6,39.8
42,0.1448,32.38,39.47,1.30,0.526,50.9,64.6,34.5
43,0.1075,50.33,44.21,0.92,0.636,54.5,70.1,24.0
44,0.0635,47.58,23.82,1.61,0.656,48.3,72.9,19.1
45,0.2586,52.40,71.48,1.31,0.595,54.0,63.0,54.6
46,0.1018,40.75,83.10,1.91,0.687,42.9,68.5,29.6
47,0.0533,73.71,54.40,1.49,0.514,61.9,68.6,22.9
48,0.0808,35.13,68.26,1.65,0.761,68.2,70.8,19.8
49,0.0559,57.32,22.81,1.43,0.596,45.1,68.1,25.1
50,0.1199,31.02,50.19,1.32,0.469,50.4,69.0,35.2
51,0.1542,80.17,76.17,1.84,0.572,44.5,62.3,34.7
52,0.2781,62.98,68.70,0.99,0.538,47.3,58.3,59.8
53,0.1910,65.59,50.83,2.02,0.450,53.5,62.5,42.4
54,0.2209,42.38,21.80,1.20,0.422,62.5,60.4,50.0
55,0.0956,23.11,40.17,1.22,0.737,62.8,70.4,24.3
56,0.2545,43.99,75.52,0.99,0.626,59.7,59.0,59.0
57,0.1957,60.70,26.14,1.76,0.473,53.8,60.7,46.0
58,0.1554,32.02,56.10,1.25,0.424,50.1,62.3,40.8
59,0.1620,34.06,49.54,1.04,0.645,51.1,65.5,30.3
60,0.1633,74.25,62.87,1.86,0.592,56.6,67.7,33.3
61,0.2484,27.34,66.75,1.64,0.430,57.8,58.9,56.2
62,0.1712,48.06,86.17,1.42,0.612,57.6,64.2,34.9
63,0.0688,27.95,38.96,1.41,0.558,47.8,70.5,20.9
64,0.0959,61.54,54.06,1.58,0.748,63.9,71.4,20.7
65,0.2116,31.51,72.34,1.81,0.520,54.1,62.8,43.3
66,0.1833,66.90,70.24,1.79,0.542,46.6,64.6,44.0
67,0.2195,49.27,24.95,1.36,0.579,44.3,60.0,46.9
68,0.1683,64.22,64.95,1.15,0.466,48.7,63.5,38.5
69,0.1094,38.65,33.19,0.92,0.531,45.9,65.8,26.0
70,0.2005,68.89,61.74,1.82,0.766,68.0,61.9,43.5
71,0.0488,37.80,36.89,1.75,0.483,57.9,66.9,23.7
72,0.2422,43.70,29.63,1.00,0.522,68.3,57.0,49.7
73,0.0436,30.23,73.76,2.09,0.560,61.6,64.6,33.1
74,0.1055,72.15,65.91,1.55,0.703,58.9,72.3,23.6
75,0.1672,43.05,33.61,1.22,0.608,49.4,65.0,35.8
76,0.0644,31.66,60.55,1.73,0.639,60.7,71.1,20.9
77,0.1082,22.39,55.04,1.72,0.658,52.8,71.7,20.6
78,0.0941,35.58,58.62,1.54,0.441,65.1,65.6,29.1
79,0.0596,45.07,76.41,0.86,0.574,45.2,66.4,19.3
80,0.0415,81.45,28.22,1.09,0.505,60.2,63.8,21.1
81,0.0663,45.22,80.92,0.88,0.636,55.9,67.7,12.4
82,0.1237,67.55,74.71,1.02,0.500,67.7,63.5,28.6
83,0.1976,26.31,44.84,1.07,0.727,45.7,64.9,45.7
84,0.1183,58.93,42.31,2.00,0.679,47.1,69.4,33.0
85,0.2236,55.36,52.10,1.46,0.619,61.0,64.6,44.9
86,0.1809,84.60,57.59,1.99,0.651,43.9,64.2,42.2
87,0.2516,40.99,55.22,1.57,0.627,43.5,61.9,56.3
88,0.0910,56.45,82.03,1.11,0.566,45.0,67.0,22.1
89,0.2181,39.28,83.84,1.88,0.536,43.4,60.4,48.4
90,0.1259,85.66,67.52,2.07,0.683,48.0,67.8,27.0
91,0.0736,25.24,77.31,2.07,0.510,48.0,66.7,24.6
92,0.0694,58.16,86.40,1.64,0.598,60.2,67.2,18.0
93,0.0850,59.81,30.22,0.90,0.475,55.8,66.9,27.6
94,0.1752,69.20,75.97,1.43,0.768,54.3,67.5,33.2
95,0.1780,75.55,50.19,1.89,0.677,59.5,65.5,36.5
96,0.1285,84.84,69.99,1.28,0.675,62.9,67.5,33.4
97,0.0820,25.17,36.97,1.77,0.467,67.1,68.0,32.1
98,0.1796,29.29,25.60,1.31,0.448,41.9,60.2,45.2
99,0.1577,42.90,53.07,1.97,0.588,48.2,66.4,37.8
100,0.2565,23.48,53.70,1.69,0.648,45.4,61.6,47.0
101,0.1993,39.86,32.20,1.95,0.544,50.0,63.6,44.4
102,0.0971,48.82,42.95,1.42,0.555,59.3,68.1,18.6
103,0.1692,85.24,32.43,1.60,0.533,65.1,65.1,31.8
104,0.1270,81.74,77.71,1.53,0.747,53.0,68.1,30.6
105,0.0998,73.03,52.54,2.01,0.577,64.2,66.0,33.2
106,0.2271,85.93,25.97,2.04,0.690,66.0,62.3,53.1
107,0.2709,56.84,51.33,1.28,0.693,61.0,63.9,51.7
108,0.1343,64.47,27.34,1.98,0.561,64.7,65.2,41.7
109,0.2687,67.79,53.33,0.88,0.729,66.9,59.0,53.3
110,0.1530,36.98,85.58,1.83,0.418,65.8,60.2,41.7
111,0.0609,80.91,30.38,1.52,0.442,55.1,65.6,20.7
112,0.1639,80.43,33.31,1.05,0.737,42.1,63.4,32.1
113,0.0927,29.64,23.55,1.30,0.437,65.7,65.3,33.4
114,0.0758,59.30,34.75,1.19,0.444,66.4,67.3,27.0
115,0.1174,55.77,39.80,1.26,0.548,58.2,68.7,26.4
116,0.1760,36.38,24.61,1.66,0.750,44.7,66.4,36.5
117,0.1392,69.35,71.90,1.94,0.600,61.5,68.1,31.9
118,0.2125,33.25,75.24,0.98,0.420,56.2,60.3,42.7
119,0.2016,79.64,27.77,1.14,0.670,43.0,59.8,45.0
120,0.0513,76.16,79.51,1.04,0.528,55.2,65.8,18.5
121,0.2609,57.78,35.81,0.94,0.490,41.8,57.7,65.3
122,0.2140,71.22,61.93,1.77,0.508,47.4,59.3,45.7
123,0.1381,76.53,45.66,0.91,0.518,66.7,63.4,33.9
124,0.0469,74.71,85.24,1.55,0.758,51.9,69.7,21.4
125,0.0907,54.04,62.18,1.39,0.740,46.2,73.1,24.8
126,0.0479,70.33,68.78,1.48,0.720,67.2,70.5,19.7
127,0.2605,37.71,52.29,2.10,0.580,65.5,58.1,59.6
128,0.1467,81.92,64.64,1.66,0.460,61.2,65.3,42.4
129,0.2491,44.81,47.73,1.76,0.623,52.5,64.1,51.0
130,0.1845,84.23,57.23,2.10,0.632,58.5,63.0,40.2
131,0.1404,79.44,51.71,1.36,0.606,67.5,66.2,25.5
132,0.1868,65.04,31.25,1.15,0.746,54.3,66.5,34.9
133,0.0449,71.11,79.93,1.10,0.563,68.1,63.6,26.5
134,0.1154,51.39,81.27,2.06,0.457,53.3,65.5,34.3
135,0.1241,24.01,65.22,1.87,0.733,53.2,69.7,31.7
136,0.0867,62.75,43.44,0.90,0.709,42.4,71.2,23.3
137,0.1321,33.48,82.37,1.84,0.631,60.0,68.2,31.1
138,0.1201,63.53,21.03,1.08,0.440,46.8,64.4,34.7
139,0.0895,59.62,48.65,0.93,0.535,66.9,66.7,24.5
140,0.1038,70.74,32.78,1.60,0.643,63.7,69.5,27.1
141,0.2411,60.48,78.07,1.89,0.715,44.3,64.3,52.4
142,0.1122,29.81,67.18,1.14,0.701,52.2,70.0,18.8
143,0.2622,66.52,77.82,1.58,0.434,68.5,56.2,60.9
144,0.1302,33.63,35.53,1.73,0.570,43.3,68.1,38.7
145,0.1737,68.14,74.76,1.19,0.446,63.4,61.0,44.2
146,0.0826,40.52,56.39,1.92,0.458,42.5,65.1,26.6
147,0.1603,68.42,48.21,1.59,0.756,63.1,67.4,32.3
148,0.0779,56.16,78.61,1.24,0.613,42.9,67.0,23.1
149,0.1333,63.31,77.05,1.17,0.503,58.0,64.9,30.9
150,0.0623,54.35,61.18,1.03,0.689,46.6,67.2,21.6
151,0.2291,41.64,27.02,0.94,0.662,67.4,60.5,44.6
152,0.2504,49.48,60.13,1.13,0.763,46.4,62.7,51.3
153,0.2377,22.79,59.10,1.27,0.704,44.8,60.6,50.5
154,0.1513,63.96,30.63,1.87,0.618,57.6,67.8,29.2
155,0.2679,58.48,84.98,1.10,0.765,47.5,60.2,52.8
156,0.0877,67.34,29.55,1.68,0.724,55.4,74.3,24.2
157,0.0385,70.12,78.80,2.12,0.699,61.3,67.2,27.0
158,0.1653,49.73,26.68,1.35,0.680,44.9,63.8,34.8
159,0.1730,34.24,34.33,1.45,0.719,64.1,67.6,39.9
160,0.2778,25.75,63.20,2.08,0.530,50.2,55.4,60.8
161,0.2454,53.13,36.05,0.96,0.489,48.6,61.1,59.4
162,0.2463,40.32,41.31,1.91,0.499,52.4,61.6,57.1
163,0.2059,61.68,58.36,1.80,0.463,49.1,60.4,42.8
164,0.1431,80.83,81.78,2.04,0.653,58.7,64.5,32.6
165,0.2662,82.36,42.79,1.35,0.485,59.2,61.2,60.6
166,0.1221,83.02,67.77,2.09,0.464,64.0,62.8,39.6
167,0.1704,62.14,45.97,1.06,0.569,56.7,63.5,39.9
168,0.0775,74.99,63.75,1.46,0.506,48.8,68.7,18.6
169,0.2095,78.15,48.02,1.63,0.517,51.6,63.5,43.9
170,0.1898,53.42,59.45,1.62,0.493,62.6,64.0,46.8
171,0.1470,35.20,79.35,2.11,0.732,51.5,67.5,31.0
172,0.1291,46.85,57.81,1.48,0.649,64.5,70.6,25.4
173,0.2311,26.14,63.85,1.34,0.606,60.8,63.7,51.7
174,0.0435,23.62,47.01,2.14,0.742,50.6,68.6,23.1
175,0.0507,46.12,55.82,1.74,0.552,67.8,69.0,25.7
176,0.1020,83.23,64.41,1.71,0.575,58.6,68.5,20.8
177,0.2362,22.18,40.79,0.97,0.453,53.6,60.5,47.2
178,0.2558,52.00,70.65,1.93,0.429,57.4,58.3,63.4
179,0.1829,55.07,72.60,0.97,0.665,49.1,66.1,34.4
180,0.2337,54.70,45.11,0.96,0.660,66.1,62.6,45.4
181,0.2642,79.02,56.65,1.38,0.472,58.3,54.7,55.8
182,0.0986,28.20,60.34,2.01,0.725,59.0,71.9,21.2
183,0.1526,78.50,81.39,2.00,0.635,62.0,64.2,33.3
184,0.0838,76.76,43.80,1.16,0.487,63.2,67.1,23.1
185,0.2701,41.54,38.00,1.08,0.515,57.1,59.0,55.8
186,0.1045,61.16,74.36,1.51,0.723,42.3,67.4,26.5
187,0.2158,78.69,40.99,1.50,0.628,61.7,61.6,48.8
188,0.2039,83.59,22.50,1.50,0.455,53.6,60.0,43.2
189,0.2398,62.35,23.08,1.96,0.481,55.4,59.5,59.9
190,0.0570,60.15,48.96,1.47,0.431,49.9,68.1,21.0
191,0.1986,82.47,24.15,0.89,0.751,48.5,60.6,39.9
192,0.1599,27.61,29.07,1.90,0.565,51.4,64.6,33.2
193,0.2764,50.27,85.79,1.92,0.644,51.2,60.9,59.7
194,0.1890,48.49,59.65,2.13,0.424,47.6,60.7,51.5
195,0.1950,26.63,37.26,1.65,0.667,50.8,67.3,32.7
196,0.1358,52.56,46.36,1.00,0.589,59.4,68.1,34.8
197,0.0791,75.89,37.79,1.40,0.681,52.0,71.5,17.0
198,0.2426,84.06,70.99,0.87,0.478,60.4,57.4,57.8
199,0.1924,55.70,67.02,1.75,0.693,51.7,67.0,37.1
200,0.0820,50.00,50.00,1.61,0.712,54.2,75.1,18.2
